{
  "project_info": {
    "project_number": "27598093800",
    "project_id": "voiceofgospel-16e68",
    "storage_bucket": "voiceofgospel-16e68.appspot.com"
  },
  "client": [
    {
      "client_info": {
        "mobilesdk_app_id": "1:27598093800:android:21f597e3d224d24cf5f85d",
        "android_client_info": {
          "package_name": "com.themd.voiceofgospel"
        }
      },
      "oauth_client": [
        {
          "client_id": "27598093800-nlcfrg6km6d2pslins0ak9a4q4js3qfa.apps.googleusercontent.com",
          "client_type": 3
        }
      ],
      "api_key": [
        {
          "current_key": "AIzaSyBy67ooYfv7H1bpU8Pw_aBvZH2LQKpIiQw"
        }
      ],
      "services": {
        "appinvite_service": {
          "other_platform_oauth_client": [
            {
              "client_id": "27598093800-nlcfrg6km6d2pslins0ak9a4q4js3qfa.apps.googleusercontent.com",
              "client_type": 3
            },
            {
              "client_id": "27598093800-lgtun0prr75d3e5q7fo8u75upqjh1t0k.apps.googleusercontent.com",
              "client_type": 2,
              "ios_info": {
                "bundle_id": "com.themd.voiceofgospel"
              }
            }
          ]
        }
      }
    }
  ],
  "configuration_version": "1"
}